Items ,Price 
سيميلاك جولد حليب (3) داعم للنمو 800 جم,58٫80 ر.س.
نان حليب (3) 800 جم,58٫80 ر.س.
بامبيني مياه أطفال 2 لتر,4٫73 ر.س.
أبتاميل جونيور (3) حليب للأطفال في طور النمو 900 جم,66٫15 ر.س.
بامبيني مياه أطفال 330 مل,1٫05 ر.س.
تودلرز/ بيبي ويل  مياه أطفال 1.5 لتر,3٫68 ر.س.
بليميل بلس حليب أطفال (4) لمرحلة للنمو 400 جم,30٫45 ر.س.
نان حليب (2) 800 جم,58٫80 ر.س.
نيورالاك  بلص حليب (3) داعم للنمو 250 مل 6 قطعة,18٫90 ر.س.
روناجرو حليب أطفال (3) لمرحلة النمو بالفانيلا 850 جم,62٫48 ر.س.
تودلرز/ بيبي ويل مياه أطفال 330 مل,1٫05 ر.س.
سيريلاك حبوب القمح 400 جم,22٫05 ر.س.
نان حليب أطفال رقم (1) 800 جم,58٫80 ر.س.
بيوميل بلس حليب أطفال (3) 400 جم,30٫45 ر.س.
إس-26 بروجرس جولد HMO حليب أطفال رقم (3) 1600 جم,117٫60 ر.س.
سيميلاك جولد حليب (3) داعم للنمو 1600 جم,117٫60 ر.س.
بدياشور كومبليت 3+ فانيلا 900 جم,89٫25 ر.س.
روناجرو حليب أطفال (3) 1700 جم,124٫95 ر.س.
سيميلاك جولد حليب الرضع (1) 800 جم,58٫80 ر.س.
سيريلاك حبوب القمح 1000 جم,52٫50 ر.س.
بليميل بلس حليب أطفال (3) 1200 جم,88٫20 ر.س.
ابتاميل حليب أطفال (2) 900جم,66٫15 ر.س.
بليميل بلس حليب أطفال (3) 800 جم,58٫80 ر.س.
سيميلاك جولد حليب الرضع (2) 800 جم,58٫80 ر.س.
سيميلاك جولد حليب (3) داعم للنمو 800 جم,58٫80 ر.س.
نان حليب (3) 800 جم,58٫80 ر.س.
بامبيني مياه أطفال 2 لتر,4٫73 ر.س.
أبتاميل جونيور (3) حليب للأطفال في طور النمو 900 جم,66٫15 ر.س.
بامبيني مياه أطفال 330 مل,1٫05 ر.س.
تودلرز/ بيبي ويل  مياه أطفال 1.5 لتر,3٫68 ر.س.
بليميل بلس حليب أطفال (4) لمرحلة للنمو 400 جم,30٫45 ر.س.
نان حليب (2) 800 جم,58٫80 ر.س.
نيورالاك  بلص حليب (3) داعم للنمو 250 مل 6 قطعة,18٫90 ر.س.
روناجرو حليب أطفال (3) لمرحلة النمو بالفانيلا 850 جم,62٫48 ر.س.
تودلرز/ بيبي ويل مياه أطفال 330 مل,1٫05 ر.س.
سيريلاك حبوب القمح 400 جم,22٫05 ر.س.
نان حليب أطفال رقم (1) 800 جم,58٫80 ر.س.
بيوميل بلس حليب أطفال (3) 400 جم,30٫45 ر.س.
إس-26 بروجرس جولد HMO حليب أطفال رقم (3) 1600 جم,117٫60 ر.س.
سيميلاك جولد حليب (3) داعم للنمو 1600 جم,117٫60 ر.س.
بدياشور كومبليت 3+ فانيلا 900 جم,89٫25 ر.س.
روناجرو حليب أطفال (3) 1700 جم,124٫95 ر.س.
سيميلاك جولد حليب الرضع (1) 800 جم,58٫80 ر.س.
سيريلاك حبوب القمح 1000 جم,52٫50 ر.س.
بليميل بلس حليب أطفال (3) 1200 جم,88٫20 ر.س.
ابتاميل حليب أطفال (2) 900جم,66٫15 ر.س.
بليميل بلس حليب أطفال (3) 800 جم,58٫80 ر.س.
سيميلاك جولد حليب الرضع (2) 800 جم,58٫80 ر.س.
سيميلاك جولد حليب (3) داعم للنمو 800 جم,58٫80 ر.س.
نان حليب (3) 800 جم,58٫80 ر.س.
بامبيني مياه أطفال 2 لتر,4٫73 ر.س.
أبتاميل جونيور (3) حليب للأطفال في طور النمو 900 جم,66٫15 ر.س.
بامبيني مياه أطفال 330 مل,1٫05 ر.س.
تودلرز/ بيبي ويل  مياه أطفال 1.5 لتر,3٫68 ر.س.
بليميل بلس حليب أطفال (4) لمرحلة للنمو 400 جم,30٫45 ر.س.
نان حليب (2) 800 جم,58٫80 ر.س.
نيورالاك  بلص حليب (3) داعم للنمو 250 مل 6 قطعة,18٫90 ر.س.
روناجرو حليب أطفال (3) لمرحلة النمو بالفانيلا 850 جم,62٫48 ر.س.
تودلرز/ بيبي ويل مياه أطفال 330 مل,1٫05 ر.س.
سيريلاك حبوب القمح 400 جم,22٫05 ر.س.
نان حليب أطفال رقم (1) 800 جم,58٫80 ر.س.
بيوميل بلس حليب أطفال (3) 400 جم,30٫45 ر.س.
إس-26 بروجرس جولد HMO حليب أطفال رقم (3) 1600 جم,117٫60 ر.س.
سيميلاك جولد حليب (3) داعم للنمو 1600 جم,117٫60 ر.س.
بدياشور كومبليت 3+ فانيلا 900 جم,89٫25 ر.س.
روناجرو حليب أطفال (3) 1700 جم,124٫95 ر.س.
سيميلاك جولد حليب الرضع (1) 800 جم,58٫80 ر.س.
سيريلاك حبوب القمح 1000 جم,52٫50 ر.س.
بليميل بلس حليب أطفال (3) 1200 جم,88٫20 ر.س.
ابتاميل حليب أطفال (2) 900جم,66٫15 ر.س.
بليميل بلس حليب أطفال (3) 800 جم,58٫80 ر.س.
سيميلاك جولد حليب الرضع (2) 800 جم,58٫80 ر.س.
سيميلاك جولد حليب (3) داعم للنمو 800 جم,58٫80 ر.س.
نان حليب (3) 800 جم,58٫80 ر.س.
بامبيني مياه أطفال 2 لتر,4٫73 ر.س.
أبتاميل جونيور (3) حليب للأطفال في طور النمو 900 جم,66٫15 ر.س.
بامبيني مياه أطفال 330 مل,1٫05 ر.س.
تودلرز/ بيبي ويل  مياه أطفال 1.5 لتر,3٫68 ر.س.
بليميل بلس حليب أطفال (4) لمرحلة للنمو 400 جم,30٫45 ر.س.
نان حليب (2) 800 جم,58٫80 ر.س.
نيورالاك  بلص حليب (3) داعم للنمو 250 مل 6 قطعة,18٫90 ر.س.
روناجرو حليب أطفال (3) لمرحلة النمو بالفانيلا 850 جم,62٫48 ر.س.
تودلرز/ بيبي ويل مياه أطفال 330 مل,1٫05 ر.س.
سيريلاك حبوب القمح 400 جم,22٫05 ر.س.
نان حليب أطفال رقم (1) 800 جم,58٫80 ر.س.
بيوميل بلس حليب أطفال (3) 400 جم,30٫45 ر.س.
إس-26 بروجرس جولد HMO حليب أطفال رقم (3) 1600 جم,117٫60 ر.س.
سيميلاك جولد حليب (3) داعم للنمو 1600 جم,117٫60 ر.س.
بدياشور كومبليت 3+ فانيلا 900 جم,89٫25 ر.س.
روناجرو حليب أطفال (3) 1700 جم,124٫95 ر.س.
سيميلاك جولد حليب الرضع (1) 800 جم,58٫80 ر.س.
سيريلاك حبوب القمح 1000 جم,52٫50 ر.س.
بليميل بلس حليب أطفال (3) 1200 جم,88٫20 ر.س.
ابتاميل حليب أطفال (2) 900جم,66٫15 ر.س.
بليميل بلس حليب أطفال (3) 800 جم,58٫80 ر.س.
سيميلاك جولد حليب الرضع (2) 800 جم,58٫80 ر.س.
سيميلاك جولد حليب (3) داعم للنمو 800 جم,58٫80 ر.س.
نان حليب (3) 800 جم,58٫80 ر.س.
بامبيني مياه أطفال 2 لتر,4٫73 ر.س.
أبتاميل جونيور (3) حليب للأطفال في طور النمو 900 جم,66٫15 ر.س.
بامبيني مياه أطفال 330 مل,1٫05 ر.س.
تودلرز/ بيبي ويل  مياه أطفال 1.5 لتر,3٫68 ر.س.
بليميل بلس حليب أطفال (4) لمرحلة للنمو 400 جم,30٫45 ر.س.
نان حليب (2) 800 جم,58٫80 ر.س.
نيورالاك  بلص حليب (3) داعم للنمو 250 مل 6 قطعة,18٫90 ر.س.
روناجرو حليب أطفال (3) لمرحلة النمو بالفانيلا 850 جم,62٫48 ر.س.
تودلرز/ بيبي ويل مياه أطفال 330 مل,1٫05 ر.س.
سيريلاك حبوب القمح 400 جم,22٫05 ر.س.
نان حليب أطفال رقم (1) 800 جم,58٫80 ر.س.
بيوميل بلس حليب أطفال (3) 400 جم,30٫45 ر.س.
إس-26 بروجرس جولد HMO حليب أطفال رقم (3) 1600 جم,117٫60 ر.س.
سيميلاك جولد حليب (3) داعم للنمو 1600 جم,117٫60 ر.س.
بدياشور كومبليت 3+ فانيلا 900 جم,89٫25 ر.س.
روناجرو حليب أطفال (3) 1700 جم,124٫95 ر.س.
سيميلاك جولد حليب الرضع (1) 800 جم,58٫80 ر.س.
سيريلاك حبوب القمح 1000 جم,52٫50 ر.س.
بليميل بلس حليب أطفال (3) 1200 جم,88٫20 ر.س.
ابتاميل حليب أطفال (2) 900جم,66٫15 ر.س.
بليميل بلس حليب أطفال (3) 800 جم,58٫80 ر.س.
سيميلاك جولد حليب الرضع (2) 800 جم,58٫80 ر.س.
سيميلاك جولد حليب (3) داعم للنمو 800 جم,58٫80 ر.س.
نان حليب (3) 800 جم,58٫80 ر.س.
بامبيني مياه أطفال 2 لتر,4٫73 ر.س.
أبتاميل جونيور (3) حليب للأطفال في طور النمو 900 جم,66٫15 ر.س.
بامبيني مياه أطفال 330 مل,1٫05 ر.س.
تودلرز/ بيبي ويل  مياه أطفال 1.5 لتر,3٫68 ر.س.
بليميل بلس حليب أطفال (4) لمرحلة للنمو 400 جم,30٫45 ر.س.
نان حليب (2) 800 جم,58٫80 ر.س.
نيورالاك  بلص حليب (3) داعم للنمو 250 مل 6 قطعة,18٫90 ر.س.
روناجرو حليب أطفال (3) لمرحلة النمو بالفانيلا 850 جم,62٫48 ر.س.
تودلرز/ بيبي ويل مياه أطفال 330 مل,1٫05 ر.س.
سيريلاك حبوب القمح 400 جم,22٫05 ر.س.
نان حليب أطفال رقم (1) 800 جم,58٫80 ر.س.
بيوميل بلس حليب أطفال (3) 400 جم,30٫45 ر.س.
إس-26 بروجرس جولد HMO حليب أطفال رقم (3) 1600 جم,117٫60 ر.س.
سيميلاك جولد حليب (3) داعم للنمو 1600 جم,117٫60 ر.س.
بدياشور كومبليت 3+ فانيلا 900 جم,89٫25 ر.س.
روناجرو حليب أطفال (3) 1700 جم,124٫95 ر.س.
سيميلاك جولد حليب الرضع (1) 800 جم,58٫80 ر.س.
سيريلاك حبوب القمح 1000 جم,52٫50 ر.س.
بليميل بلس حليب أطفال (3) 1200 جم,88٫20 ر.س.
ابتاميل حليب أطفال (2) 900جم,66٫15 ر.س.
بليميل بلس حليب أطفال (3) 800 جم,58٫80 ر.س.
سيميلاك جولد حليب الرضع (2) 800 جم,58٫80 ر.س.
سيميلاك جولد حليب (3) داعم للنمو 800 جم,58٫80 ر.س.
نان حليب (3) 800 جم,58٫80 ر.س.
بامبيني مياه أطفال 2 لتر,4٫73 ر.س.
أبتاميل جونيور (3) حليب للأطفال في طور النمو 900 جم,66٫15 ر.س.
بامبيني مياه أطفال 330 مل,1٫05 ر.س.
تودلرز/ بيبي ويل  مياه أطفال 1.5 لتر,3٫68 ر.س.
بليميل بلس حليب أطفال (4) لمرحلة للنمو 400 جم,30٫45 ر.س.
نان حليب (2) 800 جم,58٫80 ر.س.
نيورالاك  بلص حليب (3) داعم للنمو 250 مل 6 قطعة,18٫90 ر.س.
روناجرو حليب أطفال (3) لمرحلة النمو بالفانيلا 850 جم,62٫48 ر.س.
تودلرز/ بيبي ويل مياه أطفال 330 مل,1٫05 ر.س.
سيريلاك حبوب القمح 400 جم,22٫05 ر.س.
نان حليب أطفال رقم (1) 800 جم,58٫80 ر.س.
بيوميل بلس حليب أطفال (3) 400 جم,30٫45 ر.س.
إس-26 بروجرس جولد HMO حليب أطفال رقم (3) 1600 جم,117٫60 ر.س.
سيميلاك جولد حليب (3) داعم للنمو 1600 جم,117٫60 ر.س.
بدياشور كومبليت 3+ فانيلا 900 جم,89٫25 ر.س.
روناجرو حليب أطفال (3) 1700 جم,124٫95 ر.س.
سيميلاك جولد حليب الرضع (1) 800 جم,58٫80 ر.س.
سيريلاك حبوب القمح 1000 جم,52٫50 ر.س.
بليميل بلس حليب أطفال (3) 1200 جم,88٫20 ر.س.
ابتاميل حليب أطفال (2) 900جم,66٫15 ر.س.
بليميل بلس حليب أطفال (3) 800 جم,58٫80 ر.س.
سيميلاك جولد حليب الرضع (2) 800 جم,58٫80 ر.س.
سيميلاك جولد حليب (3) داعم للنمو 800 جم,58٫80 ر.س.
نان حليب (3) 800 جم,58٫80 ر.س.
بامبيني مياه أطفال 2 لتر,4٫73 ر.س.
أبتاميل جونيور (3) حليب للأطفال في طور النمو 900 جم,66٫15 ر.س.
بامبيني مياه أطفال 330 مل,1٫05 ر.س.
تودلرز/ بيبي ويل  مياه أطفال 1.5 لتر,3٫68 ر.س.
بليميل بلس حليب أطفال (4) لمرحلة للنمو 400 جم,30٫45 ر.س.
نان حليب (2) 800 جم,58٫80 ر.س.
نيورالاك  بلص حليب (3) داعم للنمو 250 مل 6 قطعة,18٫90 ر.س.
روناجرو حليب أطفال (3) لمرحلة النمو بالفانيلا 850 جم,62٫48 ر.س.
تودلرز/ بيبي ويل مياه أطفال 330 مل,1٫05 ر.س.
سيريلاك حبوب القمح 400 جم,22٫05 ر.س.
نان حليب أطفال رقم (1) 800 جم,58٫80 ر.س.
بيوميل بلس حليب أطفال (3) 400 جم,30٫45 ر.س.
إس-26 بروجرس جولد HMO حليب أطفال رقم (3) 1600 جم,117٫60 ر.س.
سيميلاك جولد حليب (3) داعم للنمو 1600 جم,117٫60 ر.س.
بدياشور كومبليت 3+ فانيلا 900 جم,89٫25 ر.س.
روناجرو حليب أطفال (3) 1700 جم,124٫95 ر.س.
سيميلاك جولد حليب الرضع (1) 800 جم,58٫80 ر.س.
سيريلاك حبوب القمح 1000 جم,52٫50 ر.س.
بليميل بلس حليب أطفال (3) 1200 جم,88٫20 ر.س.
ابتاميل حليب أطفال (2) 900جم,66٫15 ر.س.
بليميل بلس حليب أطفال (3) 800 جم,58٫80 ر.س.
سيميلاك جولد حليب الرضع (2) 800 جم,58٫80 ر.س.
سيميلاك جولد حليب (3) داعم للنمو 800 جم,58٫80 ر.س.
نان حليب (3) 800 جم,58٫80 ر.س.
بامبيني مياه أطفال 2 لتر,4٫73 ر.س.
أبتاميل جونيور (3) حليب للأطفال في طور النمو 900 جم,66٫15 ر.س.
بامبيني مياه أطفال 330 مل,1٫05 ر.س.
تودلرز/ بيبي ويل  مياه أطفال 1.5 لتر,3٫68 ر.س.
بليميل بلس حليب أطفال (4) لمرحلة للنمو 400 جم,30٫45 ر.س.
نان حليب (2) 800 جم,58٫80 ر.س.
نيورالاك  بلص حليب (3) داعم للنمو 250 مل 6 قطعة,18٫90 ر.س.
روناجرو حليب أطفال (3) لمرحلة النمو بالفانيلا 850 جم,62٫48 ر.س.
تودلرز/ بيبي ويل مياه أطفال 330 مل,1٫05 ر.س.
سيريلاك حبوب القمح 400 جم,22٫05 ر.س.
نان حليب أطفال رقم (1) 800 جم,58٫80 ر.س.
بيوميل بلس حليب أطفال (3) 400 جم,30٫45 ر.س.
إس-26 بروجرس جولد HMO حليب أطفال رقم (3) 1600 جم,117٫60 ر.س.
سيميلاك جولد حليب (3) داعم للنمو 1600 جم,117٫60 ر.س.
بدياشور كومبليت 3+ فانيلا 900 جم,89٫25 ر.س.
روناجرو حليب أطفال (3) 1700 جم,124٫95 ر.س.
سيميلاك جولد حليب الرضع (1) 800 جم,58٫80 ر.س.
سيريلاك حبوب القمح 1000 جم,52٫50 ر.س.
بليميل بلس حليب أطفال (3) 1200 جم,88٫20 ر.س.
ابتاميل حليب أطفال (2) 900جم,66٫15 ر.س.
بليميل بلس حليب أطفال (3) 800 جم,58٫80 ر.س.
سيميلاك جولد حليب الرضع (2) 800 جم,58٫80 ر.س.
سيميلاك جولد حليب (3) داعم للنمو 800 جم,58٫80 ر.س.
نان حليب (3) 800 جم,58٫80 ر.س.
بامبيني مياه أطفال 2 لتر,4٫73 ر.س.
أبتاميل جونيور (3) حليب للأطفال في طور النمو 900 جم,66٫15 ر.س.
بامبيني مياه أطفال 330 مل,1٫05 ر.س.
تودلرز/ بيبي ويل  مياه أطفال 1.5 لتر,3٫68 ر.س.
بليميل بلس حليب أطفال (4) لمرحلة للنمو 400 جم,30٫45 ر.س.
نان حليب (2) 800 جم,58٫80 ر.س.
نيورالاك  بلص حليب (3) داعم للنمو 250 مل 6 قطعة,18٫90 ر.س.
روناجرو حليب أطفال (3) لمرحلة النمو بالفانيلا 850 جم,62٫48 ر.س.
تودلرز/ بيبي ويل مياه أطفال 330 مل,1٫05 ر.س.
سيريلاك حبوب القمح 400 جم,22٫05 ر.س.
نان حليب أطفال رقم (1) 800 جم,58٫80 ر.س.
بيوميل بلس حليب أطفال (3) 400 جم,30٫45 ر.س.
إس-26 بروجرس جولد HMO حليب أطفال رقم (3) 1600 جم,117٫60 ر.س.
سيميلاك جولد حليب (3) داعم للنمو 1600 جم,117٫60 ر.س.
بدياشور كومبليت 3+ فانيلا 900 جم,89٫25 ر.س.
روناجرو حليب أطفال (3) 1700 جم,124٫95 ر.س.
سيميلاك جولد حليب الرضع (1) 800 جم,58٫80 ر.س.
سيريلاك حبوب القمح 1000 جم,52٫50 ر.س.
بليميل بلس حليب أطفال (3) 1200 جم,88٫20 ر.س.
ابتاميل حليب أطفال (2) 900جم,66٫15 ر.س.
بليميل بلس حليب أطفال (3) 800 جم,58٫80 ر.س.
سيميلاك جولد حليب الرضع (2) 800 جم,58٫80 ر.س.
سيميلاك جولد حليب (3) داعم للنمو 800 جم,58٫80 ر.س.
نان حليب (3) 800 جم,58٫80 ر.س.
بامبيني مياه أطفال 2 لتر,4٫73 ر.س.
أبتاميل جونيور (3) حليب للأطفال في طور النمو 900 جم,66٫15 ر.س.
بامبيني مياه أطفال 330 مل,1٫05 ر.س.
تودلرز/ بيبي ويل  مياه أطفال 1.5 لتر,3٫68 ر.س.
بليميل بلس حليب أطفال (4) لمرحلة للنمو 400 جم,30٫45 ر.س.
نان حليب (2) 800 جم,58٫80 ر.س.
نيورالاك  بلص حليب (3) داعم للنمو 250 مل 6 قطعة,18٫90 ر.س.
روناجرو حليب أطفال (3) لمرحلة النمو بالفانيلا 850 جم,62٫48 ر.س.
تودلرز/ بيبي ويل مياه أطفال 330 مل,1٫05 ر.س.
سيريلاك حبوب القمح 400 جم,22٫05 ر.س.
نان حليب أطفال رقم (1) 800 جم,58٫80 ر.س.
بيوميل بلس حليب أطفال (3) 400 جم,30٫45 ر.س.
إس-26 بروجرس جولد HMO حليب أطفال رقم (3) 1600 جم,117٫60 ر.س.
سيميلاك جولد حليب (3) داعم للنمو 1600 جم,117٫60 ر.س.
بدياشور كومبليت 3+ فانيلا 900 جم,89٫25 ر.س.
روناجرو حليب أطفال (3) 1700 جم,124٫95 ر.س.
سيميلاك جولد حليب الرضع (1) 800 جم,58٫80 ر.س.
سيريلاك حبوب القمح 1000 جم,52٫50 ر.س.
بليميل بلس حليب أطفال (3) 1200 جم,88٫20 ر.س.
ابتاميل حليب أطفال (2) 900جم,66٫15 ر.س.
بليميل بلس حليب أطفال (3) 800 جم,58٫80 ر.س.
سيميلاك جولد حليب الرضع (2) 800 جم,58٫80 ر.س.
سيميلاك جولد حليب (3) داعم للنمو 800 جم,58٫80 ر.س.
نان حليب (3) 800 جم,58٫80 ر.س.
بامبيني مياه أطفال 2 لتر,4٫73 ر.س.
أبتاميل جونيور (3) حليب للأطفال في طور النمو 900 جم,66٫15 ر.س.
بامبيني مياه أطفال 330 مل,1٫05 ر.س.
تودلرز/ بيبي ويل  مياه أطفال 1.5 لتر,3٫68 ر.س.
بليميل بلس حليب أطفال (4) لمرحلة للنمو 400 جم,30٫45 ر.س.
نان حليب (2) 800 جم,58٫80 ر.س.
نيورالاك  بلص حليب (3) داعم للنمو 250 مل 6 قطعة,18٫90 ر.س.
روناجرو حليب أطفال (3) لمرحلة النمو بالفانيلا 850 جم,62٫48 ر.س.
تودلرز/ بيبي ويل مياه أطفال 330 مل,1٫05 ر.س.
سيريلاك حبوب القمح 400 جم,22٫05 ر.س.
نان حليب أطفال رقم (1) 800 جم,58٫80 ر.س.
بيوميل بلس حليب أطفال (3) 400 جم,30٫45 ر.س.
إس-26 بروجرس جولد HMO حليب أطفال رقم (3) 1600 جم,117٫60 ر.س.
سيميلاك جولد حليب (3) داعم للنمو 1600 جم,117٫60 ر.س.
بدياشور كومبليت 3+ فانيلا 900 جم,89٫25 ر.س.
روناجرو حليب أطفال (3) 1700 جم,124٫95 ر.س.
سيميلاك جولد حليب الرضع (1) 800 جم,58٫80 ر.س.
سيريلاك حبوب القمح 1000 جم,52٫50 ر.س.
بليميل بلس حليب أطفال (3) 1200 جم,88٫20 ر.س.
ابتاميل حليب أطفال (2) 900جم,66٫15 ر.س.
بليميل بلس حليب أطفال (3) 800 جم,58٫80 ر.س.
سيميلاك جولد حليب الرضع (2) 800 جم,58٫80 ر.س.
سيميلاك جولد حليب (3) داعم للنمو 800 جم,58٫80 ر.س.
نان حليب (3) 800 جم,58٫80 ر.س.
بامبيني مياه أطفال 2 لتر,4٫73 ر.س.
أبتاميل جونيور (3) حليب للأطفال في طور النمو 900 جم,66٫15 ر.س.
بامبيني مياه أطفال 330 مل,1٫05 ر.س.
تودلرز/ بيبي ويل  مياه أطفال 1.5 لتر,3٫68 ر.س.
بليميل بلس حليب أطفال (4) لمرحلة للنمو 400 جم,30٫45 ر.س.
نان حليب (2) 800 جم,58٫80 ر.س.
نيورالاك  بلص حليب (3) داعم للنمو 250 مل 6 قطعة,18٫90 ر.س.
روناجرو حليب أطفال (3) لمرحلة النمو بالفانيلا 850 جم,62٫48 ر.س.
تودلرز/ بيبي ويل مياه أطفال 330 مل,1٫05 ر.س.
سيريلاك حبوب القمح 400 جم,22٫05 ر.س.
نان حليب أطفال رقم (1) 800 جم,58٫80 ر.س.
بيوميل بلس حليب أطفال (3) 400 جم,30٫45 ر.س.
إس-26 بروجرس جولد HMO حليب أطفال رقم (3) 1600 جم,117٫60 ر.س.
سيميلاك جولد حليب (3) داعم للنمو 1600 جم,117٫60 ر.س.
بدياشور كومبليت 3+ فانيلا 900 جم,89٫25 ر.س.
روناجرو حليب أطفال (3) 1700 جم,124٫95 ر.س.
سيميلاك جولد حليب الرضع (1) 800 جم,58٫80 ر.س.
سيريلاك حبوب القمح 1000 جم,52٫50 ر.س.
بليميل بلس حليب أطفال (3) 1200 جم,88٫20 ر.س.
ابتاميل حليب أطفال (2) 900جم,66٫15 ر.س.
بليميل بلس حليب أطفال (3) 800 جم,58٫80 ر.س.
سيميلاك جولد حليب الرضع (2) 800 جم,58٫80 ر.س.
سيميلاك جولد حليب (3) داعم للنمو 800 جم,58٫80 ر.س.
نان حليب (3) 800 جم,58٫80 ر.س.
بامبيني مياه أطفال 2 لتر,4٫73 ر.س.
أبتاميل جونيور (3) حليب للأطفال في طور النمو 900 جم,66٫15 ر.س.
بامبيني مياه أطفال 330 مل,1٫05 ر.س.
تودلرز/ بيبي ويل  مياه أطفال 1.5 لتر,3٫68 ر.س.
بليميل بلس حليب أطفال (4) لمرحلة للنمو 400 جم,30٫45 ر.س.
نان حليب (2) 800 جم,58٫80 ر.س.
نيورالاك  بلص حليب (3) داعم للنمو 250 مل 6 قطعة,18٫90 ر.س.
روناجرو حليب أطفال (3) لمرحلة النمو بالفانيلا 850 جم,62٫48 ر.س.
تودلرز/ بيبي ويل مياه أطفال 330 مل,1٫05 ر.س.
سيريلاك حبوب القمح 400 جم,22٫05 ر.س.
نان حليب أطفال رقم (1) 800 جم,58٫80 ر.س.
بيوميل بلس حليب أطفال (3) 400 جم,30٫45 ر.س.
إس-26 بروجرس جولد HMO حليب أطفال رقم (3) 1600 جم,117٫60 ر.س.
سيميلاك جولد حليب (3) داعم للنمو 1600 جم,117٫60 ر.س.
بدياشور كومبليت 3+ فانيلا 900 جم,89٫25 ر.س.
روناجرو حليب أطفال (3) 1700 جم,124٫95 ر.س.
سيميلاك جولد حليب الرضع (1) 800 جم,58٫80 ر.س.
سيريلاك حبوب القمح 1000 جم,52٫50 ر.س.
بليميل بلس حليب أطفال (3) 1200 جم,88٫20 ر.س.
ابتاميل حليب أطفال (2) 900جم,66٫15 ر.س.
بليميل بلس حليب أطفال (3) 800 جم,58٫80 ر.س.
سيميلاك جولد حليب الرضع (2) 800 جم,58٫80 ر.س.
سيميلاك جولد حليب (3) داعم للنمو 800 جم,58٫80 ر.س.
نان حليب (3) 800 جم,58٫80 ر.س.
بامبيني مياه أطفال 2 لتر,4٫73 ر.س.
أبتاميل جونيور (3) حليب للأطفال في طور النمو 900 جم,66٫15 ر.س.
بامبيني مياه أطفال 330 مل,1٫05 ر.س.
تودلرز/ بيبي ويل  مياه أطفال 1.5 لتر,3٫68 ر.س.
بليميل بلس حليب أطفال (4) لمرحلة للنمو 400 جم,30٫45 ر.س.
نان حليب (2) 800 جم,58٫80 ر.س.
نيورالاك  بلص حليب (3) داعم للنمو 250 مل 6 قطعة,18٫90 ر.س.
روناجرو حليب أطفال (3) لمرحلة النمو بالفانيلا 850 جم,62٫48 ر.س.
تودلرز/ بيبي ويل مياه أطفال 330 مل,1٫05 ر.س.
سيريلاك حبوب القمح 400 جم,22٫05 ر.س.
نان حليب أطفال رقم (1) 800 جم,58٫80 ر.س.
بيوميل بلس حليب أطفال (3) 400 جم,30٫45 ر.س.
إس-26 بروجرس جولد HMO حليب أطفال رقم (3) 1600 جم,117٫60 ر.س.
سيميلاك جولد حليب (3) داعم للنمو 1600 جم,117٫60 ر.س.
بدياشور كومبليت 3+ فانيلا 900 جم,89٫25 ر.س.
روناجرو حليب أطفال (3) 1700 جم,124٫95 ر.س.
سيميلاك جولد حليب الرضع (1) 800 جم,58٫80 ر.س.
سيريلاك حبوب القمح 1000 جم,52٫50 ر.س.
بليميل بلس حليب أطفال (3) 1200 جم,88٫20 ر.س.
ابتاميل حليب أطفال (2) 900جم,66٫15 ر.س.
بليميل بلس حليب أطفال (3) 800 جم,58٫80 ر.س.
سيميلاك جولد حليب الرضع (2) 800 جم,58٫80 ر.س.
سيميلاك جولد حليب (3) داعم للنمو 800 جم,58٫80 ر.س.
نان حليب (3) 800 جم,58٫80 ر.س.
بامبيني مياه أطفال 2 لتر,4٫73 ر.س.
أبتاميل جونيور (3) حليب للأطفال في طور النمو 900 جم,66٫15 ر.س.
بامبيني مياه أطفال 330 مل,1٫05 ر.س.
تودلرز/ بيبي ويل  مياه أطفال 1.5 لتر,3٫68 ر.س.
بليميل بلس حليب أطفال (4) لمرحلة للنمو 400 جم,30٫45 ر.س.
نان حليب (2) 800 جم,58٫80 ر.س.
نيورالاك  بلص حليب (3) داعم للنمو 250 مل 6 قطعة,18٫90 ر.س.
روناجرو حليب أطفال (3) لمرحلة النمو بالفانيلا 850 جم,62٫48 ر.س.
تودلرز/ بيبي ويل مياه أطفال 330 مل,1٫05 ر.س.
سيريلاك حبوب القمح 400 جم,22٫05 ر.س.
نان حليب أطفال رقم (1) 800 جم,58٫80 ر.س.
بيوميل بلس حليب أطفال (3) 400 جم,30٫45 ر.س.
إس-26 بروجرس جولد HMO حليب أطفال رقم (3) 1600 جم,117٫60 ر.س.
سيميلاك جولد حليب (3) داعم للنمو 1600 جم,117٫60 ر.س.
بدياشور كومبليت 3+ فانيلا 900 جم,89٫25 ر.س.
روناجرو حليب أطفال (3) 1700 جم,124٫95 ر.س.
سيميلاك جولد حليب الرضع (1) 800 جم,58٫80 ر.س.
سيريلاك حبوب القمح 1000 جم,52٫50 ر.س.
بليميل بلس حليب أطفال (3) 1200 جم,88٫20 ر.س.
ابتاميل حليب أطفال (2) 900جم,66٫15 ر.س.
بليميل بلس حليب أطفال (3) 800 جم,58٫80 ر.س.
سيميلاك جولد حليب الرضع (2) 800 جم,58٫80 ر.س.
سيميلاك جولد حليب (3) داعم للنمو 800 جم,58٫80 ر.س.
نان حليب (3) 800 جم,58٫80 ر.س.
بامبيني مياه أطفال 2 لتر,4٫73 ر.س.
أبتاميل جونيور (3) حليب للأطفال في طور النمو 900 جم,66٫15 ر.س.
بامبيني مياه أطفال 330 مل,1٫05 ر.س.
تودلرز/ بيبي ويل  مياه أطفال 1.5 لتر,3٫68 ر.س.
بليميل بلس حليب أطفال (4) لمرحلة للنمو 400 جم,30٫45 ر.س.
نان حليب (2) 800 جم,58٫80 ر.س.
نيورالاك  بلص حليب (3) داعم للنمو 250 مل 6 قطعة,18٫90 ر.س.
روناجرو حليب أطفال (3) لمرحلة النمو بالفانيلا 850 جم,62٫48 ر.س.
تودلرز/ بيبي ويل مياه أطفال 330 مل,1٫05 ر.س.
سيريلاك حبوب القمح 400 جم,22٫05 ر.س.
نان حليب أطفال رقم (1) 800 جم,58٫80 ر.س.
بيوميل بلس حليب أطفال (3) 400 جم,30٫45 ر.س.
إس-26 بروجرس جولد HMO حليب أطفال رقم (3) 1600 جم,117٫60 ر.س.
سيميلاك جولد حليب (3) داعم للنمو 1600 جم,117٫60 ر.س.
بدياشور كومبليت 3+ فانيلا 900 جم,89٫25 ر.س.
روناجرو حليب أطفال (3) 1700 جم,124٫95 ر.س.
سيميلاك جولد حليب الرضع (1) 800 جم,58٫80 ر.س.
سيريلاك حبوب القمح 1000 جم,52٫50 ر.س.
بليميل بلس حليب أطفال (3) 1200 جم,88٫20 ر.س.
ابتاميل حليب أطفال (2) 900جم,66٫15 ر.س.
بليميل بلس حليب أطفال (3) 800 جم,58٫80 ر.س.
سيميلاك جولد حليب الرضع (2) 800 جم,58٫80 ر.س.
سيميلاك جولد حليب (3) داعم للنمو 800 جم,58٫80 ر.س.
نان حليب (3) 800 جم,58٫80 ر.س.
بامبيني مياه أطفال 2 لتر,4٫73 ر.س.
أبتاميل جونيور (3) حليب للأطفال في طور النمو 900 جم,66٫15 ر.س.
بامبيني مياه أطفال 330 مل,1٫05 ر.س.
تودلرز/ بيبي ويل  مياه أطفال 1.5 لتر,3٫68 ر.س.
بليميل بلس حليب أطفال (4) لمرحلة للنمو 400 جم,30٫45 ر.س.
نان حليب (2) 800 جم,58٫80 ر.س.
نيورالاك  بلص حليب (3) داعم للنمو 250 مل 6 قطعة,18٫90 ر.س.
روناجرو حليب أطفال (3) لمرحلة النمو بالفانيلا 850 جم,62٫48 ر.س.
تودلرز/ بيبي ويل مياه أطفال 330 مل,1٫05 ر.س.
سيريلاك حبوب القمح 400 جم,22٫05 ر.س.
نان حليب أطفال رقم (1) 800 جم,58٫80 ر.س.
بيوميل بلس حليب أطفال (3) 400 جم,30٫45 ر.س.
إس-26 بروجرس جولد HMO حليب أطفال رقم (3) 1600 جم,117٫60 ر.س.
سيميلاك جولد حليب (3) داعم للنمو 1600 جم,117٫60 ر.س.
بدياشور كومبليت 3+ فانيلا 900 جم,89٫25 ر.س.
روناجرو حليب أطفال (3) 1700 جم,124٫95 ر.س.
سيميلاك جولد حليب الرضع (1) 800 جم,58٫80 ر.س.
سيريلاك حبوب القمح 1000 جم,52٫50 ر.س.
بليميل بلس حليب أطفال (3) 1200 جم,88٫20 ر.س.
ابتاميل حليب أطفال (2) 900جم,66٫15 ر.س.
بليميل بلس حليب أطفال (3) 800 جم,58٫80 ر.س.
سيميلاك جولد حليب الرضع (2) 800 جم,58٫80 ر.س.
سيميلاك جولد حليب (3) داعم للنمو 800 جم,58٫80 ر.س.
نان حليب (3) 800 جم,58٫80 ر.س.
بامبيني مياه أطفال 2 لتر,4٫73 ر.س.
أبتاميل جونيور (3) حليب للأطفال في طور النمو 900 جم,66٫15 ر.س.
بامبيني مياه أطفال 330 مل,1٫05 ر.س.
تودلرز/ بيبي ويل  مياه أطفال 1.5 لتر,3٫68 ر.س.
بليميل بلس حليب أطفال (4) لمرحلة للنمو 400 جم,30٫45 ر.س.
نان حليب (2) 800 جم,58٫80 ر.س.
نيورالاك  بلص حليب (3) داعم للنمو 250 مل 6 قطعة,18٫90 ر.س.
روناجرو حليب أطفال (3) لمرحلة النمو بالفانيلا 850 جم,62٫48 ر.س.
تودلرز/ بيبي ويل مياه أطفال 330 مل,1٫05 ر.س.
سيريلاك حبوب القمح 400 جم,22٫05 ر.س.
نان حليب أطفال رقم (1) 800 جم,58٫80 ر.س.
بيوميل بلس حليب أطفال (3) 400 جم,30٫45 ر.س.
إس-26 بروجرس جولد HMO حليب أطفال رقم (3) 1600 جم,117٫60 ر.س.
سيميلاك جولد حليب (3) داعم للنمو 1600 جم,117٫60 ر.س.
بدياشور كومبليت 3+ فانيلا 900 جم,89٫25 ر.س.
روناجرو حليب أطفال (3) 1700 جم,124٫95 ر.س.
سيميلاك جولد حليب الرضع (1) 800 جم,58٫80 ر.س.
سيريلاك حبوب القمح 1000 جم,52٫50 ر.س.
بليميل بلس حليب أطفال (3) 1200 جم,88٫20 ر.س.
ابتاميل حليب أطفال (2) 900جم,66٫15 ر.س.
بليميل بلس حليب أطفال (3) 800 جم,58٫80 ر.س.
سيميلاك جولد حليب الرضع (2) 800 جم,58٫80 ر.س.
سيميلاك جولد حليب (3) داعم للنمو 800 جم,58٫80 ر.س.
نان حليب (3) 800 جم,58٫80 ر.س.
بامبيني مياه أطفال 2 لتر,4٫73 ر.س.
أبتاميل جونيور (3) حليب للأطفال في طور النمو 900 جم,66٫15 ر.س.
بامبيني مياه أطفال 330 مل,1٫05 ر.س.
تودلرز/ بيبي ويل  مياه أطفال 1.5 لتر,3٫68 ر.س.
بليميل بلس حليب أطفال (4) لمرحلة للنمو 400 جم,30٫45 ر.س.
نان حليب (2) 800 جم,58٫80 ر.س.
نيورالاك  بلص حليب (3) داعم للنمو 250 مل 6 قطعة,18٫90 ر.س.
روناجرو حليب أطفال (3) لمرحلة النمو بالفانيلا 850 جم,62٫48 ر.س.
تودلرز/ بيبي ويل مياه أطفال 330 مل,1٫05 ر.س.
سيريلاك حبوب القمح 400 جم,22٫05 ر.س.
نان حليب أطفال رقم (1) 800 جم,58٫80 ر.س.
بيوميل بلس حليب أطفال (3) 400 جم,30٫45 ر.س.
إس-26 بروجرس جولد HMO حليب أطفال رقم (3) 1600 جم,117٫60 ر.س.
سيميلاك جولد حليب (3) داعم للنمو 1600 جم,117٫60 ر.س.
بدياشور كومبليت 3+ فانيلا 900 جم,89٫25 ر.س.
روناجرو حليب أطفال (3) 1700 جم,124٫95 ر.س.
سيميلاك جولد حليب الرضع (1) 800 جم,58٫80 ر.س.
سيريلاك حبوب القمح 1000 جم,52٫50 ر.س.
بليميل بلس حليب أطفال (3) 1200 جم,88٫20 ر.س.
ابتاميل حليب أطفال (2) 900جم,66٫15 ر.س.
بليميل بلس حليب أطفال (3) 800 جم,58٫80 ر.س.
سيميلاك جولد حليب الرضع (2) 800 جم,58٫80 ر.س.
سيميلاك جولد حليب (3) داعم للنمو 800 جم,58٫80 ر.س.
نان حليب (3) 800 جم,58٫80 ر.س.
بامبيني مياه أطفال 2 لتر,4٫73 ر.س.
أبتاميل جونيور (3) حليب للأطفال في طور النمو 900 جم,66٫15 ر.س.
بامبيني مياه أطفال 330 مل,1٫05 ر.س.
تودلرز/ بيبي ويل  مياه أطفال 1.5 لتر,3٫68 ر.س.
بليميل بلس حليب أطفال (4) لمرحلة للنمو 400 جم,30٫45 ر.س.
نان حليب (2) 800 جم,58٫80 ر.س.
نيورالاك  بلص حليب (3) داعم للنمو 250 مل 6 قطعة,18٫90 ر.س.
روناجرو حليب أطفال (3) لمرحلة النمو بالفانيلا 850 جم,62٫48 ر.س.
تودلرز/ بيبي ويل مياه أطفال 330 مل,1٫05 ر.س.
سيريلاك حبوب القمح 400 جم,22٫05 ر.س.
نان حليب أطفال رقم (1) 800 جم,58٫80 ر.س.
بيوميل بلس حليب أطفال (3) 400 جم,30٫45 ر.س.
إس-26 بروجرس جولد HMO حليب أطفال رقم (3) 1600 جم,117٫60 ر.س.
سيميلاك جولد حليب (3) داعم للنمو 1600 جم,117٫60 ر.س.
بدياشور كومبليت 3+ فانيلا 900 جم,89٫25 ر.س.
روناجرو حليب أطفال (3) 1700 جم,124٫95 ر.س.
سيميلاك جولد حليب الرضع (1) 800 جم,58٫80 ر.س.