Item,Price
كونتور نيكست جهاز قياس مستوي السكر في الدم + شرائط 50 قطعة,199٫00 ر.س.
اوبتيوم شرائط قياس السكر في الدم 50 قطعة,99٫00 ر.س.
كونتور نيكست شرائط قياس السكر في الدم 50 قطعة,125٫00 ر.س.
وان تاتش سيليكت بلس شرائط قياس السكر في الدم 50 قطعة,95٫00 ر.س.
كونتور تى اس شرائط قياس السكر في الدم 50 قطعة,90٫00 ر.س.
اكيوتشيك بيرفورما شرائط قياس السكر في الدم 50 قطعة,70٫00 ر.س.
اكيوتشيك اكتيف شرائط قياس السكر في الدم 50 قطعة,65٫00 ر.س.
اكيوتشيك انستانت شرائط تحليل سكر بالدم 50 قطعة,95٫00 ر.س.
اكيوتشيك انستانت جهاز تحليل سكر بالدم,199٫00 ر.س.
وان تاتش سيليكت شرائط قياس السكر في الدم 50 قطعة,95٫00 ر.س.
وان تاتش فيريو شرائط قياس السكر في الدم 50 قطعة,137٫00 ر.س.
وان تاتش سيليكت بلس جهاز قياس السكر في الدم,120٫00 ر.س.
اون كول شارب شرائط تحليل السكر بالدم 50 قطعة,45٫00 ر.س.
كونتور تي اس جهاز قياس السكر في الدم,134٫00 ر.س.
وان تاتش سليكت بلاس جهاز تحليل سكر+2 علبه شرائط,199٫00 ر.س.
فري ستايل اوبتيوم نيو جهاز قياس السكر في الدم,199٫00 ر.س.
بي دي مايكرو فاين بلص ابر قلم انسولين 4 مم 32 جي 100 حبة,90٫00 ر.س.
كونتور تى اس شرائط قياس السكر 2*50 قطعة + جهاز قياس السكر فى الدم,199٫00 ر.س.
كونتور شرائط قياس السكر في الدم 50 قطعة,120٫00 ر.س.
اون كول شارب جهاز قياس السكر بالدم,125٫00 ر.س.
مايكروليت ابر وخز 200 قطعة 6551,65٫00 ر.س.
وان تاتش دليكا ابر وخز 30G معقمة 100 قطعة,65٫00 ر.س.
ديبوفيت ب12 1000 ميكرو جرام 2 امبول,7٫85 ر.س.
اكيوتشيك جهاز تحليل السكر بيرفورما,199٫00 ر.س.
كونتور نيكست جهاز قياس مستوي السكر في الدم + شرائط 50 قطعة,199٫00 ر.س.
اوبتيوم شرائط قياس السكر في الدم 50 قطعة,99٫00 ر.س.
كونتور نيكست شرائط قياس السكر في الدم 50 قطعة,125٫00 ر.س.
وان تاتش سيليكت بلس شرائط قياس السكر في الدم 50 قطعة,95٫00 ر.س.
كونتور تى اس شرائط قياس السكر في الدم 50 قطعة,90٫00 ر.س.
اكيوتشيك بيرفورما شرائط قياس السكر في الدم 50 قطعة,70٫00 ر.س.
اكيوتشيك اكتيف شرائط قياس السكر في الدم 50 قطعة,65٫00 ر.س.
اكيوتشيك انستانت شرائط تحليل سكر بالدم 50 قطعة,95٫00 ر.س.
اكيوتشيك انستانت جهاز تحليل سكر بالدم,199٫00 ر.س.
وان تاتش سيليكت شرائط قياس السكر في الدم 50 قطعة,95٫00 ر.س.
وان تاتش فيريو شرائط قياس السكر في الدم 50 قطعة,137٫00 ر.س.
وان تاتش سيليكت بلس جهاز قياس السكر في الدم,120٫00 ر.س.
اون كول شارب شرائط تحليل السكر بالدم 50 قطعة,45٫00 ر.س.
كونتور تي اس جهاز قياس السكر في الدم,134٫00 ر.س.
وان تاتش سليكت بلاس جهاز تحليل سكر+2 علبه شرائط,199٫00 ر.س.
فري ستايل اوبتيوم نيو جهاز قياس السكر في الدم,199٫00 ر.س.
بي دي مايكرو فاين بلص ابر قلم انسولين 4 مم 32 جي 100 حبة,90٫00 ر.س.
كونتور تى اس شرائط قياس السكر 2*50 قطعة + جهاز قياس السكر فى الدم,199٫00 ر.س.
كونتور شرائط قياس السكر في الدم 50 قطعة,120٫00 ر.س.
اون كول شارب جهاز قياس السكر بالدم,125٫00 ر.س.
مايكروليت ابر وخز 200 قطعة 6551,65٫00 ر.س.
وان تاتش دليكا ابر وخز 30G معقمة 100 قطعة,65٫00 ر.س.
ديبوفيت ب12 1000 ميكرو جرام 2 امبول,7٫85 ر.س.
اكيوتشيك جهاز تحليل السكر بيرفورما,199٫00 ر.س.
كونتور نيكست جهاز قياس مستوي السكر في الدم + شرائط 50 قطعة,199٫00 ر.س.
اوبتيوم شرائط قياس السكر في الدم 50 قطعة,99٫00 ر.س.
كونتور نيكست شرائط قياس السكر في الدم 50 قطعة,125٫00 ر.س.
وان تاتش سيليكت بلس شرائط قياس السكر في الدم 50 قطعة,95٫00 ر.س.
كونتور تى اس شرائط قياس السكر في الدم 50 قطعة,90٫00 ر.س.
اكيوتشيك بيرفورما شرائط قياس السكر في الدم 50 قطعة,70٫00 ر.س.
اكيوتشيك اكتيف شرائط قياس السكر في الدم 50 قطعة,65٫00 ر.س.
اكيوتشيك انستانت شرائط تحليل سكر بالدم 50 قطعة,95٫00 ر.س.
اكيوتشيك انستانت جهاز تحليل سكر بالدم,199٫00 ر.س.
وان تاتش سيليكت شرائط قياس السكر في الدم 50 قطعة,95٫00 ر.س.
وان تاتش فيريو شرائط قياس السكر في الدم 50 قطعة,137٫00 ر.س.
وان تاتش سيليكت بلس جهاز قياس السكر في الدم,120٫00 ر.س.
اون كول شارب شرائط تحليل السكر بالدم 50 قطعة,45٫00 ر.س.
كونتور تي اس جهاز قياس السكر في الدم,134٫00 ر.س.
وان تاتش سليكت بلاس جهاز تحليل سكر+2 علبه شرائط,199٫00 ر.س.
فري ستايل اوبتيوم نيو جهاز قياس السكر في الدم,199٫00 ر.س.
بي دي مايكرو فاين بلص ابر قلم انسولين 4 مم 32 جي 100 حبة,90٫00 ر.س.
كونتور تى اس شرائط قياس السكر 2*50 قطعة + جهاز قياس السكر فى الدم,199٫00 ر.س.
كونتور شرائط قياس السكر في الدم 50 قطعة,120٫00 ر.س.
اون كول شارب جهاز قياس السكر بالدم,125٫00 ر.س.
مايكروليت ابر وخز 200 قطعة 6551,65٫00 ر.س.
وان تاتش دليكا ابر وخز 30G معقمة 100 قطعة,65٫00 ر.س.
ديبوفيت ب12 1000 ميكرو جرام 2 امبول,7٫85 ر.س.
اكيوتشيك جهاز تحليل السكر بيرفورما,199٫00 ر.س.
كونتور نيكست جهاز قياس مستوي السكر في الدم + شرائط 50 قطعة,199٫00 ر.س.
اوبتيوم شرائط قياس السكر في الدم 50 قطعة,99٫00 ر.س.
كونتور نيكست شرائط قياس السكر في الدم 50 قطعة,125٫00 ر.س.
وان تاتش سيليكت بلس شرائط قياس السكر في الدم 50 قطعة,95٫00 ر.س.
كونتور تى اس شرائط قياس السكر في الدم 50 قطعة,90٫00 ر.س.
اكيوتشيك بيرفورما شرائط قياس السكر في الدم 50 قطعة,70٫00 ر.س.
اكيوتشيك اكتيف شرائط قياس السكر في الدم 50 قطعة,65٫00 ر.س.
اكيوتشيك انستانت شرائط تحليل سكر بالدم 50 قطعة,95٫00 ر.س.
اكيوتشيك انستانت جهاز تحليل سكر بالدم,199٫00 ر.س.
وان تاتش سيليكت شرائط قياس السكر في الدم 50 قطعة,95٫00 ر.س.
وان تاتش فيريو شرائط قياس السكر في الدم 50 قطعة,137٫00 ر.س.
وان تاتش سيليكت بلس جهاز قياس السكر في الدم,120٫00 ر.س.
اون كول شارب شرائط تحليل السكر بالدم 50 قطعة,45٫00 ر.س.
كونتور تي اس جهاز قياس السكر في الدم,134٫00 ر.س.
وان تاتش سليكت بلاس جهاز تحليل سكر+2 علبه شرائط,199٫00 ر.س.
فري ستايل اوبتيوم نيو جهاز قياس السكر في الدم,199٫00 ر.س.
بي دي مايكرو فاين بلص ابر قلم انسولين 4 مم 32 جي 100 حبة,90٫00 ر.س.
كونتور تى اس شرائط قياس السكر 2*50 قطعة + جهاز قياس السكر فى الدم,199٫00 ر.س.
كونتور شرائط قياس السكر في الدم 50 قطعة,120٫00 ر.س.
اون كول شارب جهاز قياس السكر بالدم,125٫00 ر.س.
مايكروليت ابر وخز 200 قطعة 6551,65٫00 ر.س.
وان تاتش دليكا ابر وخز 30G معقمة 100 قطعة,65٫00 ر.س.
ديبوفيت ب12 1000 ميكرو جرام 2 امبول,7٫85 ر.س.
اكيوتشيك جهاز تحليل السكر بيرفورما,199٫00 ر.س.
كونتور نيكست جهاز قياس مستوي السكر في الدم + شرائط 50 قطعة,199٫00 ر.س.
اوبتيوم شرائط قياس السكر في الدم 50 قطعة,99٫00 ر.س.
كونتور نيكست شرائط قياس السكر في الدم 50 قطعة,125٫00 ر.س.
وان تاتش سيليكت بلس شرائط قياس السكر في الدم 50 قطعة,95٫00 ر.س.
كونتور تى اس شرائط قياس السكر في الدم 50 قطعة,90٫00 ر.س.
اكيوتشيك بيرفورما شرائط قياس السكر في الدم 50 قطعة,70٫00 ر.س.
اكيوتشيك اكتيف شرائط قياس السكر في الدم 50 قطعة,65٫00 ر.س.
اكيوتشيك انستانت شرائط تحليل سكر بالدم 50 قطعة,95٫00 ر.س.
اكيوتشيك انستانت جهاز تحليل سكر بالدم,199٫00 ر.س.
وان تاتش سيليكت شرائط قياس السكر في الدم 50 قطعة,95٫00 ر.س.
وان تاتش فيريو شرائط قياس السكر في الدم 50 قطعة,137٫00 ر.س.
وان تاتش سيليكت بلس جهاز قياس السكر في الدم,120٫00 ر.س.
اون كول شارب شرائط تحليل السكر بالدم 50 قطعة,45٫00 ر.س.
كونتور تي اس جهاز قياس السكر في الدم,134٫00 ر.س.
وان تاتش سليكت بلاس جهاز تحليل سكر+2 علبه شرائط,199٫00 ر.س.
فري ستايل اوبتيوم نيو جهاز قياس السكر في الدم,199٫00 ر.س.
بي دي مايكرو فاين بلص ابر قلم انسولين 4 مم 32 جي 100 حبة,90٫00 ر.س.
كونتور تى اس شرائط قياس السكر 2*50 قطعة + جهاز قياس السكر فى الدم,199٫00 ر.س.
كونتور شرائط قياس السكر في الدم 50 قطعة,120٫00 ر.س.
اون كول شارب جهاز قياس السكر بالدم,125٫00 ر.س.
مايكروليت ابر وخز 200 قطعة 6551,65٫00 ر.س.
وان تاتش دليكا ابر وخز 30G معقمة 100 قطعة,65٫00 ر.س.
ديبوفيت ب12 1000 ميكرو جرام 2 امبول,7٫85 ر.س.
اكيوتشيك جهاز تحليل السكر بيرفورما,199٫00 ر.س.
كونتور نيكست جهاز قياس مستوي السكر في الدم + شرائط 50 قطعة,199٫00 ر.س.
اوبتيوم شرائط قياس السكر في الدم 50 قطعة,99٫00 ر.س.
كونتور نيكست شرائط قياس السكر في الدم 50 قطعة,125٫00 ر.س.
وان تاتش سيليكت بلس شرائط قياس السكر في الدم 50 قطعة,95٫00 ر.س.
كونتور تى اس شرائط قياس السكر في الدم 50 قطعة,90٫00 ر.س.
اكيوتشيك بيرفورما شرائط قياس السكر في الدم 50 قطعة,70٫00 ر.س.
اكيوتشيك اكتيف شرائط قياس السكر في الدم 50 قطعة,65٫00 ر.س.
اكيوتشيك انستانت شرائط تحليل سكر بالدم 50 قطعة,95٫00 ر.س.
اكيوتشيك انستانت جهاز تحليل سكر بالدم,199٫00 ر.س.
وان تاتش سيليكت شرائط قياس السكر في الدم 50 قطعة,95٫00 ر.س.
وان تاتش فيريو شرائط قياس السكر في الدم 50 قطعة,137٫00 ر.س.
وان تاتش سيليكت بلس جهاز قياس السكر في الدم,120٫00 ر.س.
اون كول شارب شرائط تحليل السكر بالدم 50 قطعة,45٫00 ر.س.
كونتور تي اس جهاز قياس السكر في الدم,134٫00 ر.س.
وان تاتش سليكت بلاس جهاز تحليل سكر+2 علبه شرائط,199٫00 ر.س.
فري ستايل اوبتيوم نيو جهاز قياس السكر في الدم,199٫00 ر.س.
بي دي مايكرو فاين بلص ابر قلم انسولين 4 مم 32 جي 100 حبة,90٫00 ر.س.
كونتور تى اس شرائط قياس السكر 2*50 قطعة + جهاز قياس السكر فى الدم,199٫00 ر.س.
كونتور شرائط قياس السكر في الدم 50 قطعة,120٫00 ر.س.
اون كول شارب جهاز قياس السكر بالدم,125٫00 ر.س.
مايكروليت ابر وخز 200 قطعة 6551,65٫00 ر.س.
وان تاتش دليكا ابر وخز 30G معقمة 100 قطعة,65٫00 ر.س.
ديبوفيت ب12 1000 ميكرو جرام 2 امبول,7٫85 ر.س.
اكيوتشيك جهاز تحليل السكر بيرفورما,199٫00 ر.س.
كونتور نيكست جهاز قياس مستوي السكر في الدم + شرائط 50 قطعة,199٫00 ر.س.
اوبتيوم شرائط قياس السكر في الدم 50 قطعة,99٫00 ر.س.
كونتور نيكست شرائط قياس السكر في الدم 50 قطعة,125٫00 ر.س.
وان تاتش سيليكت بلس شرائط قياس السكر في الدم 50 قطعة,95٫00 ر.س.
كونتور تى اس شرائط قياس السكر في الدم 50 قطعة,90٫00 ر.س.
اكيوتشيك بيرفورما شرائط قياس السكر في الدم 50 قطعة,70٫00 ر.س.
اكيوتشيك اكتيف شرائط قياس السكر في الدم 50 قطعة,65٫00 ر.س.
اكيوتشيك انستانت شرائط تحليل سكر بالدم 50 قطعة,95٫00 ر.س.
اكيوتشيك انستانت جهاز تحليل سكر بالدم,199٫00 ر.س.
وان تاتش سيليكت شرائط قياس السكر في الدم 50 قطعة,95٫00 ر.س.
وان تاتش فيريو شرائط قياس السكر في الدم 50 قطعة,137٫00 ر.س.
وان تاتش سيليكت بلس جهاز قياس السكر في الدم,120٫00 ر.س.
اون كول شارب شرائط تحليل السكر بالدم 50 قطعة,45٫00 ر.س.
كونتور تي اس جهاز قياس السكر في الدم,134٫00 ر.س.
وان تاتش سليكت بلاس جهاز تحليل سكر+2 علبه شرائط,199٫00 ر.س.
فري ستايل اوبتيوم نيو جهاز قياس السكر في الدم,199٫00 ر.س.
بي دي مايكرو فاين بلص ابر قلم انسولين 4 مم 32 جي 100 حبة,90٫00 ر.س.
كونتور تى اس شرائط قياس السكر 2*50 قطعة + جهاز قياس السكر فى الدم,199٫00 ر.س.
كونتور شرائط قياس السكر في الدم 50 قطعة,120٫00 ر.س.
اون كول شارب جهاز قياس السكر بالدم,125٫00 ر.س.
مايكروليت ابر وخز 200 قطعة 6551,65٫00 ر.س.
وان تاتش دليكا ابر وخز 30G معقمة 100 قطعة,65٫00 ر.س.
ديبوفيت ب12 1000 ميكرو جرام 2 امبول,7٫85 ر.س.
اكيوتشيك جهاز تحليل السكر بيرفورما,199٫00 ر.س.
كونتور نيكست جهاز قياس مستوي السكر في الدم + شرائط 50 قطعة,199٫00 ر.س.
اوبتيوم شرائط قياس السكر في الدم 50 قطعة,99٫00 ر.س.
كونتور نيكست شرائط قياس السكر في الدم 50 قطعة,125٫00 ر.س.
وان تاتش سيليكت بلس شرائط قياس السكر في الدم 50 قطعة,95٫00 ر.س.
كونتور تى اس شرائط قياس السكر في الدم 50 قطعة,90٫00 ر.س.
اكيوتشيك بيرفورما شرائط قياس السكر في الدم 50 قطعة,70٫00 ر.س.
اكيوتشيك اكتيف شرائط قياس السكر في الدم 50 قطعة,65٫00 ر.س.
اكيوتشيك انستانت شرائط تحليل سكر بالدم 50 قطعة,95٫00 ر.س.
اكيوتشيك انستانت جهاز تحليل سكر بالدم,199٫00 ر.س.
وان تاتش سيليكت شرائط قياس السكر في الدم 50 قطعة,95٫00 ر.س.
وان تاتش فيريو شرائط قياس السكر في الدم 50 قطعة,137٫00 ر.س.
وان تاتش سيليكت بلس جهاز قياس السكر في الدم,120٫00 ر.س.
اون كول شارب شرائط تحليل السكر بالدم 50 قطعة,45٫00 ر.س.
كونتور تي اس جهاز قياس السكر في الدم,134٫00 ر.س.
وان تاتش سليكت بلاس جهاز تحليل سكر+2 علبه شرائط,199٫00 ر.س.
فري ستايل اوبتيوم نيو جهاز قياس السكر في الدم,199٫00 ر.س.
بي دي مايكرو فاين بلص ابر قلم انسولين 4 مم 32 جي 100 حبة,90٫00 ر.س.
كونتور تى اس شرائط قياس السكر 2*50 قطعة + جهاز قياس السكر فى الدم,199٫00 ر.س.
كونتور شرائط قياس السكر في الدم 50 قطعة,120٫00 ر.س.
اون كول شارب جهاز قياس السكر بالدم,125٫00 ر.س.
مايكروليت ابر وخز 200 قطعة 6551,65٫00 ر.س.
وان تاتش دليكا ابر وخز 30G معقمة 100 قطعة,65٫00 ر.س.
ديبوفيت ب12 1000 ميكرو جرام 2 امبول,7٫85 ر.س.
اكيوتشيك جهاز تحليل السكر بيرفورما,199٫00 ر.س.
كونتور نيكست جهاز قياس مستوي السكر في الدم + شرائط 50 قطعة,199٫00 ر.س.
اوبتيوم شرائط قياس السكر في الدم 50 قطعة,99٫00 ر.س.
كونتور نيكست شرائط قياس السكر في الدم 50 قطعة,125٫00 ر.س.
وان تاتش سيليكت بلس شرائط قياس السكر في الدم 50 قطعة,95٫00 ر.س.
كونتور تى اس شرائط قياس السكر في الدم 50 قطعة,90٫00 ر.س.
اكيوتشيك بيرفورما شرائط قياس السكر في الدم 50 قطعة,70٫00 ر.س.
اكيوتشيك اكتيف شرائط قياس السكر في الدم 50 قطعة,65٫00 ر.س.
اكيوتشيك انستانت شرائط تحليل سكر بالدم 50 قطعة,95٫00 ر.س.
اكيوتشيك انستانت جهاز تحليل سكر بالدم,199٫00 ر.س.
وان تاتش سيليكت شرائط قياس السكر في الدم 50 قطعة,95٫00 ر.س.
وان تاتش فيريو شرائط قياس السكر في الدم 50 قطعة,137٫00 ر.س.
وان تاتش سيليكت بلس جهاز قياس السكر في الدم,120٫00 ر.س.
اون كول شارب شرائط تحليل السكر بالدم 50 قطعة,45٫00 ر.س.
كونتور تي اس جهاز قياس السكر في الدم,134٫00 ر.س.
وان تاتش سليكت بلاس جهاز تحليل سكر+2 علبه شرائط,199٫00 ر.س.
فري ستايل اوبتيوم نيو جهاز قياس السكر في الدم,199٫00 ر.س.
بي دي مايكرو فاين بلص ابر قلم انسولين 4 مم 32 جي 100 حبة,90٫00 ر.س.
كونتور تى اس شرائط قياس السكر 2*50 قطعة + جهاز قياس السكر فى الدم,199٫00 ر.س.
كونتور شرائط قياس السكر في الدم 50 قطعة,120٫00 ر.س.
اون كول شارب جهاز قياس السكر بالدم,125٫00 ر.س.
مايكروليت ابر وخز 200 قطعة 6551,65٫00 ر.س.
وان تاتش دليكا ابر وخز 30G معقمة 100 قطعة,65٫00 ر.س.
ديبوفيت ب12 1000 ميكرو جرام 2 امبول,7٫85 ر.س.
اكيوتشيك جهاز تحليل السكر بيرفورما,199٫00 ر.س.
كونتور نيكست جهاز قياس مستوي السكر في الدم + شرائط 50 قطعة,199٫00 ر.س.
اوبتيوم شرائط قياس السكر في الدم 50 قطعة,99٫00 ر.س.
كونتور نيكست شرائط قياس السكر في الدم 50 قطعة,125٫00 ر.س.
وان تاتش سيليكت بلس شرائط قياس السكر في الدم 50 قطعة,95٫00 ر.س.
كونتور تى اس شرائط قياس السكر في الدم 50 قطعة,90٫00 ر.س.
اكيوتشيك بيرفورما شرائط قياس السكر في الدم 50 قطعة,70٫00 ر.س.
اكيوتشيك اكتيف شرائط قياس السكر في الدم 50 قطعة,65٫00 ر.س.
اكيوتشيك انستانت شرائط تحليل سكر بالدم 50 قطعة,95٫00 ر.س.
اكيوتشيك انستانت جهاز تحليل سكر بالدم,199٫00 ر.س.
وان تاتش سيليكت شرائط قياس السكر في الدم 50 قطعة,95٫00 ر.س.
وان تاتش فيريو شرائط قياس السكر في الدم 50 قطعة,137٫00 ر.س.
وان تاتش سيليكت بلس جهاز قياس السكر في الدم,120٫00 ر.س.
اون كول شارب شرائط تحليل السكر بالدم 50 قطعة,45٫00 ر.س.
كونتور تي اس جهاز قياس السكر في الدم,134٫00 ر.س.
وان تاتش سليكت بلاس جهاز تحليل سكر+2 علبه شرائط,199٫00 ر.س.
فري ستايل اوبتيوم نيو جهاز قياس السكر في الدم,199٫00 ر.س.
بي دي مايكرو فاين بلص ابر قلم انسولين 4 مم 32 جي 100 حبة,90٫00 ر.س.
كونتور تى اس شرائط قياس السكر 2*50 قطعة + جهاز قياس السكر فى الدم,199٫00 ر.س.
كونتور شرائط قياس السكر في الدم 50 قطعة,120٫00 ر.س.
اون كول شارب جهاز قياس السكر بالدم,125٫00 ر.س.
مايكروليت ابر وخز 200 قطعة 6551,65٫00 ر.س.
وان تاتش دليكا ابر وخز 30G معقمة 100 قطعة,65٫00 ر.س.
ديبوفيت ب12 1000 ميكرو جرام 2 امبول,7٫85 ر.س.
اكيوتشيك جهاز تحليل السكر بيرفورما,199٫00 ر.س.
كونتور نيكست جهاز قياس مستوي السكر في الدم + شرائط 50 قطعة,199٫00 ر.س.
اوبتيوم شرائط قياس السكر في الدم 50 قطعة,99٫00 ر.س.
كونتور نيكست شرائط قياس السكر في الدم 50 قطعة,125٫00 ر.س.
وان تاتش سيليكت بلس شرائط قياس السكر في الدم 50 قطعة,95٫00 ر.س.
كونتور تى اس شرائط قياس السكر في الدم 50 قطعة,90٫00 ر.س.
اكيوتشيك بيرفورما شرائط قياس السكر في الدم 50 قطعة,70٫00 ر.س.
اكيوتشيك اكتيف شرائط قياس السكر في الدم 50 قطعة,65٫00 ر.س.
اكيوتشيك انستانت شرائط تحليل سكر بالدم 50 قطعة,95٫00 ر.س.
اكيوتشيك انستانت جهاز تحليل سكر بالدم,199٫00 ر.س.
وان تاتش سيليكت شرائط قياس السكر في الدم 50 قطعة,95٫00 ر.س.
وان تاتش فيريو شرائط قياس السكر في الدم 50 قطعة,137٫00 ر.س.
وان تاتش سيليكت بلس جهاز قياس السكر في الدم,120٫00 ر.س.
اون كول شارب شرائط تحليل السكر بالدم 50 قطعة,45٫00 ر.س.
كونتور تي اس جهاز قياس السكر في الدم,134٫00 ر.س.
وان تاتش سليكت بلاس جهاز تحليل سكر+2 علبه شرائط,199٫00 ر.س.
فري ستايل اوبتيوم نيو جهاز قياس السكر في الدم,199٫00 ر.س.
بي دي مايكرو فاين بلص ابر قلم انسولين 4 مم 32 جي 100 حبة,90٫00 ر.س.
كونتور تى اس شرائط قياس السكر 2*50 قطعة + جهاز قياس السكر فى الدم,199٫00 ر.س.
كونتور شرائط قياس السكر في الدم 50 قطعة,120٫00 ر.س.
اون كول شارب جهاز قياس السكر بالدم,125٫00 ر.س.
مايكروليت ابر وخز 200 قطعة 6551,65٫00 ر.س.
وان تاتش دليكا ابر وخز 30G معقمة 100 قطعة,65٫00 ر.س.
ديبوفيت ب12 1000 ميكرو جرام 2 امبول,7٫85 ر.س.
اكيوتشيك جهاز تحليل السكر بيرفورما,199٫00 ر.س.
كونتور نيكست جهاز قياس مستوي السكر في الدم + شرائط 50 قطعة,199٫00 ر.س.
اوبتيوم شرائط قياس السكر في الدم 50 قطعة,99٫00 ر.س.
كونتور نيكست شرائط قياس السكر في الدم 50 قطعة,125٫00 ر.س.
وان تاتش سيليكت بلس شرائط قياس السكر في الدم 50 قطعة,95٫00 ر.س.
كونتور تى اس شرائط قياس السكر في الدم 50 قطعة,90٫00 ر.س.
اكيوتشيك بيرفورما شرائط قياس السكر في الدم 50 قطعة,70٫00 ر.س.
اكيوتشيك اكتيف شرائط قياس السكر في الدم 50 قطعة,65٫00 ر.س.
اكيوتشيك انستانت شرائط تحليل سكر بالدم 50 قطعة,95٫00 ر.س.
اكيوتشيك انستانت جهاز تحليل سكر بالدم,199٫00 ر.س.
وان تاتش سيليكت شرائط قياس السكر في الدم 50 قطعة,95٫00 ر.س.
وان تاتش فيريو شرائط قياس السكر في الدم 50 قطعة,137٫00 ر.س.
وان تاتش سيليكت بلس جهاز قياس السكر في الدم,120٫00 ر.س.
اون كول شارب شرائط تحليل السكر بالدم 50 قطعة,45٫00 ر.س.
كونتور تي اس جهاز قياس السكر في الدم,134٫00 ر.س.
وان تاتش سليكت بلاس جهاز تحليل سكر+2 علبه شرائط,199٫00 ر.س.
فري ستايل اوبتيوم نيو جهاز قياس السكر في الدم,199٫00 ر.س.
بي دي مايكرو فاين بلص ابر قلم انسولين 4 مم 32 جي 100 حبة,90٫00 ر.س.
كونتور تى اس شرائط قياس السكر 2*50 قطعة + جهاز قياس السكر فى الدم,199٫00 ر.س.
كونتور شرائط قياس السكر في الدم 50 قطعة,120٫00 ر.س.
اون كول شارب جهاز قياس السكر بالدم,125٫00 ر.س.
مايكروليت ابر وخز 200 قطعة 6551,65٫00 ر.س.
وان تاتش دليكا ابر وخز 30G معقمة 100 قطعة,65٫00 ر.س.
ديبوفيت ب12 1000 ميكرو جرام 2 امبول,7٫85 ر.س.
اكيوتشيك جهاز تحليل السكر بيرفورما,199٫00 ر.س.
كونتور نيكست جهاز قياس مستوي السكر في الدم + شرائط 50 قطعة,199٫00 ر.س.
اوبتيوم شرائط قياس السكر في الدم 50 قطعة,99٫00 ر.س.
كونتور نيكست شرائط قياس السكر في الدم 50 قطعة,125٫00 ر.س.
وان تاتش سيليكت بلس شرائط قياس السكر في الدم 50 قطعة,95٫00 ر.س.
كونتور تى اس شرائط قياس السكر في الدم 50 قطعة,90٫00 ر.س.
اكيوتشيك بيرفورما شرائط قياس السكر في الدم 50 قطعة,70٫00 ر.س.
اكيوتشيك اكتيف شرائط قياس السكر في الدم 50 قطعة,65٫00 ر.س.
اكيوتشيك انستانت شرائط تحليل سكر بالدم 50 قطعة,95٫00 ر.س.
اكيوتشيك انستانت جهاز تحليل سكر بالدم,199٫00 ر.س.
وان تاتش سيليكت شرائط قياس السكر في الدم 50 قطعة,95٫00 ر.س.
وان تاتش فيريو شرائط قياس السكر في الدم 50 قطعة,137٫00 ر.س.
وان تاتش سيليكت بلس جهاز قياس السكر في الدم,120٫00 ر.س.
اون كول شارب شرائط تحليل السكر بالدم 50 قطعة,45٫00 ر.س.
كونتور تي اس جهاز قياس السكر في الدم,134٫00 ر.س.
وان تاتش سليكت بلاس جهاز تحليل سكر+2 علبه شرائط,199٫00 ر.س.
فري ستايل اوبتيوم نيو جهاز قياس السكر في الدم,199٫00 ر.س.
بي دي مايكرو فاين بلص ابر قلم انسولين 4 مم 32 جي 100 حبة,90٫00 ر.س.
كونتور تى اس شرائط قياس السكر 2*50 قطعة + جهاز قياس السكر فى الدم,199٫00 ر.س.
كونتور شرائط قياس السكر في الدم 50 قطعة,120٫00 ر.س.
اون كول شارب جهاز قياس السكر بالدم,125٫00 ر.س.
مايكروليت ابر وخز 200 قطعة 6551,65٫00 ر.س.
وان تاتش دليكا ابر وخز 30G معقمة 100 قطعة,65٫00 ر.س.
ديبوفيت ب12 1000 ميكرو جرام 2 امبول,7٫85 ر.س.
اكيوتشيك جهاز تحليل السكر بيرفورما,199٫00 ر.س.
كونتور نيكست جهاز قياس مستوي السكر في الدم + شرائط 50 قطعة,199٫00 ر.س.
اوبتيوم شرائط قياس السكر في الدم 50 قطعة,99٫00 ر.س.
كونتور نيكست شرائط قياس السكر في الدم 50 قطعة,125٫00 ر.س.
وان تاتش سيليكت بلس شرائط قياس السكر في الدم 50 قطعة,95٫00 ر.س.
كونتور تى اس شرائط قياس السكر في الدم 50 قطعة,90٫00 ر.س.
اكيوتشيك بيرفورما شرائط قياس السكر في الدم 50 قطعة,70٫00 ر.س.
اكيوتشيك اكتيف شرائط قياس السكر في الدم 50 قطعة,65٫00 ر.س.
اكيوتشيك انستانت شرائط تحليل سكر بالدم 50 قطعة,95٫00 ر.س.
اكيوتشيك انستانت جهاز تحليل سكر بالدم,199٫00 ر.س.
وان تاتش سيليكت شرائط قياس السكر في الدم 50 قطعة,95٫00 ر.س.
وان تاتش فيريو شرائط قياس السكر في الدم 50 قطعة,137٫00 ر.س.
وان تاتش سيليكت بلس جهاز قياس السكر في الدم,120٫00 ر.س.
اون كول شارب شرائط تحليل السكر بالدم 50 قطعة,45٫00 ر.س.
كونتور تي اس جهاز قياس السكر في الدم,134٫00 ر.س.
وان تاتش سليكت بلاس جهاز تحليل سكر+2 علبه شرائط,199٫00 ر.س.
فري ستايل اوبتيوم نيو جهاز قياس السكر في الدم,199٫00 ر.س.
بي دي مايكرو فاين بلص ابر قلم انسولين 4 مم 32 جي 100 حبة,90٫00 ر.س.
كونتور تى اس شرائط قياس السكر 2*50 قطعة + جهاز قياس السكر فى الدم,199٫00 ر.س.
كونتور شرائط قياس السكر في الدم 50 قطعة,120٫00 ر.س.
اون كول شارب جهاز قياس السكر بالدم,125٫00 ر.س.
مايكروليت ابر وخز 200 قطعة 6551,65٫00 ر.س.
وان تاتش دليكا ابر وخز 30G معقمة 100 قطعة,65٫00 ر.س.
ديبوفيت ب12 1000 ميكرو جرام 2 امبول,7٫85 ر.س.
اكيوتشيك جهاز تحليل السكر بيرفورما,199٫00 ر.س.
كونتور نيكست جهاز قياس مستوي السكر في الدم + شرائط 50 قطعة,199٫00 ر.س.
اوبتيوم شرائط قياس السكر في الدم 50 قطعة,99٫00 ر.س.
كونتور نيكست شرائط قياس السكر في الدم 50 قطعة,125٫00 ر.س.
وان تاتش سيليكت بلس شرائط قياس السكر في الدم 50 قطعة,95٫00 ر.س.
كونتور تى اس شرائط قياس السكر في الدم 50 قطعة,90٫00 ر.س.
اكيوتشيك بيرفورما شرائط قياس السكر في الدم 50 قطعة,70٫00 ر.س.
اكيوتشيك اكتيف شرائط قياس السكر في الدم 50 قطعة,65٫00 ر.س.
اكيوتشيك انستانت شرائط تحليل سكر بالدم 50 قطعة,95٫00 ر.س.
اكيوتشيك انستانت جهاز تحليل سكر بالدم,199٫00 ر.س.
وان تاتش سيليكت شرائط قياس السكر في الدم 50 قطعة,95٫00 ر.س.
وان تاتش فيريو شرائط قياس السكر في الدم 50 قطعة,137٫00 ر.س.
وان تاتش سيليكت بلس جهاز قياس السكر في الدم,120٫00 ر.س.
اون كول شارب شرائط تحليل السكر بالدم 50 قطعة,45٫00 ر.س.
كونتور تي اس جهاز قياس السكر في الدم,134٫00 ر.س.
وان تاتش سليكت بلاس جهاز تحليل سكر+2 علبه شرائط,199٫00 ر.س.
فري ستايل اوبتيوم نيو جهاز قياس السكر في الدم,199٫00 ر.س.
بي دي مايكرو فاين بلص ابر قلم انسولين 4 مم 32 جي 100 حبة,90٫00 ر.س.
كونتور تى اس شرائط قياس السكر 2*50 قطعة + جهاز قياس السكر فى الدم,199٫00 ر.س.
كونتور شرائط قياس السكر في الدم 50 قطعة,120٫00 ر.س.
اون كول شارب جهاز قياس السكر بالدم,125٫00 ر.س.
مايكروليت ابر وخز 200 قطعة 6551,65٫00 ر.س.
وان تاتش دليكا ابر وخز 30G معقمة 100 قطعة,65٫00 ر.س.
ديبوفيت ب12 1000 ميكرو جرام 2 امبول,7٫85 ر.س.
اكيوتشيك جهاز تحليل السكر بيرفورما,199٫00 ر.س.